timestamp,P_PV,P_Load,P_deferrable0,P_deferrable1,P_grid_pos,P_grid_neg,P_grid,unit_load_cost,unit_prod_price,cost_profit,cost_fun_cost
2022-05-07 23:00:00+02:00,0.0,259.36093922651935,0.0,750.0,1009.3609,0.0,1009.3609,0.1419,0.065,-0.07161415585500001,-0.07161415863812155
2022-05-07 23:30:00+02:00,0.0,325.3968156424581,0.0,750.0,1075.3968,0.0,1075.3968,0.1419,0.065,-0.07629940296,-0.0762994040698324
2022-05-08 00:00:00+02:00,0.0,290.5713333333333,0.0,750.0,1040.5713,0.0,1040.5713,0.1419,0.065,-0.07382853373500001,-0.07382853610000001
2022-05-08 00:30:00+02:00,0.0,302.6572625698324,3000.0,750.0,4052.6573,0.0,4052.6573,0.1419,0.065,-0.287536035435,-0.2875360327793296
2022-05-08 01:00:00+02:00,0.0,772.0211475409836,0.0,0.0,772.02115,0.0,772.02115,0.1419,0.065,-0.0547749005925,-0.05477490041803279
2022-05-08 01:30:00+02:00,0.0,714.863687150838,0.0,750.0,1464.8637,0.0,1464.8637,0.1419,0.065,-0.10393207951500001,-0.10393207860335195
2022-05-08 02:00:00+02:00,0.0,432.85755555555556,3000.0,750.0,4182.8576,0.0,4182.8576,0.1419,0.065,-0.29677374672,-0.2967737435666667
2022-05-08 02:30:00+02:00,0.0,258.60803370786516,3000.0,750.0,4008.608,0.0,4008.608,0.1419,0.065,-0.2844107376,-0.28441073999157307
2022-05-08 03:00:00+02:00,0.0,698.0932417582418,0.0,0.0,698.09324,0.0,698.09324,0.1907,0.065,-0.06656319043400001,-0.06656319060164835
2022-05-08 03:30:00+02:00,0.0,676.7967222222222,0.0,0.0,676.79672,0.0,676.79672,0.1907,0.065,-0.064532567252,-0.06453256746388888
2022-05-08 04:00:00+02:00,0.0,255.74555555555554,0.0,0.0,255.74556,0.0,255.74556,0.1907,0.065,-0.024385339146000003,-0.024385338722222222
2022-05-08 04:30:00+02:00,0.0,249.52794444444444,0.0,0.0,249.52794,0.0,249.52794,0.1907,0.065,-0.023792489079000004,-0.023792489502777778
2022-05-08 05:00:00+02:00,0.0,192.1711797752809,0.0,0.0,192.17118,0.0,192.17118,0.1907,0.065,-0.018323522013000002,-0.018323521991573034
2022-05-08 05:30:00+02:00,0.0,241.5402808988764,0.0,0.0,241.54028,0.0,241.54028,0.1907,0.065,-0.023030865698,-0.023030865783707864
2022-05-08 06:00:00+02:00,0.0,307.57827777777777,0.0,0.0,307.57828,0.0,307.57828,0.1907,0.065,-0.029327588998000004,-0.029327588786111112
2022-05-08 06:30:00+02:00,77.28846153846153,211.56016666666667,0.0,0.0,134.27171,0.0,134.27171,0.1907,0.065,-0.012802807548500003,-0.020172261891666668
2022-05-08 07:00:00+02:00,137.19354838709677,618.332,0.0,0.0,481.13845,0.0,481.13845,0.1907,0.065,-0.0458765512075,-0.0589579562
2022-05-08 07:30:00+02:00,192.78333333333333,1263.8764444444446,0.0,0.0,1071.0931,0.0,1071.0931,0.1907,0.065,-0.10212872708500001,-0.12051061897777779
2022-05-08 08:00:00+02:00,346.60504201680675,1084.5563333333332,0.0,0.0,737.95129,0.0,737.95129,0.1907,0.065,-0.0703636555015,-0.10341244638333333
2022-05-08 08:30:00+02:00,684.1866666666666,1332.8394972067038,0.0,0.0,648.65283,0.0,648.65283,0.1907,0.065,-0.0618490473405,-0.1270862460586592
2022-05-08 09:00:00+02:00,1051.7309941520468,1368.2192777777777,0.0,0.0,316.48828,0.0,316.48828,0.1907,0.065,-0.030177157498000002,-0.1304597081361111
2022-05-08 09:30:00+02:00,1675.4797687861271,1028.0733333333335,0.0,0.0,0.0,-647.40644,-647.40644,0.1907,0.065,0.0210407093,-0.09802679233333335
2022-05-08 10:00:00+02:00,1922.8275862068965,1113.2808938547487,0.0,0.0,0.0,-809.54669,-809.54669,0.1907,0.065,0.026310267425000002,-0.1061513332290503
2022-05-08 10:30:00+02:00,2161.8953488372094,319.48161111111114,0.0,0.0,0.0,-1842.4137,-1842.4137,0.1907,0.065,0.05987844525000001,-0.030462571619444448
2022-05-08 11:00:00+02:00,2949.247191011236,437.22911111111114,0.0,0.0,0.0,-2512.0181,-2512.0181,0.1907,0.065,0.08164058824999999,-0.041689795744444445
2022-05-08 11:30:00+02:00,1970.1516853932585,1542.983,0.0,0.0,0.0,-427.16869,-427.16869,0.1907,0.065,0.013882982425000003,-0.14712342905
2022-05-08 12:00:00+02:00,2360.9542857142856,1491.4129444444445,0.0,0.0,0.0,-869.54134,-869.54134,0.1907,0.065,0.02826009355,-0.1422062242527778
2022-05-08 12:30:00+02:00,2708.1477272727275,878.9579329608939,0.0,0.0,0.0,-1829.1898,-1829.1898,0.1907,0.065,0.0594486685,-0.08380863890782124
2022-05-08 13:00:00+02:00,2567.724719101124,485.39672222222225,0.0,0.0,0.0,-2082.328,-2082.328,0.1907,0.065,0.06767566000000001,-0.04628257746388889
2022-05-08 13:30:00+02:00,2656.1477272727275,356.83799999999997,0.0,0.0,0.0,-2299.3097,-2299.3097,0.1907,0.065,0.07472756525,-0.034024503299999995
2022-05-08 14:00:00+02:00,1960.8479532163742,304.57916666666665,0.0,0.0,0.0,-1656.2688,-1656.2688,0.1907,0.065,0.05382873600000001,-0.029041623541666665
2022-05-08 14:30:00+02:00,3646.3121387283236,364.3859444444445,0.0,0.0,0.0,-3281.9262,-3281.9262,0.1907,0.065,0.1066626015,-0.03474419980277778
2022-05-08 15:00:00+02:00,2268.2093023255816,364.234469273743,0.0,0.0,0.0,-1903.9748,-1903.9748,0.1907,0.065,0.061879181000000005,-0.034729756645251394
2022-05-08 15:30:00+02:00,2279.2203389830506,897.9873770491804,3000.0,750.0,2368.767,0.0,2368.767,0.1419,0.065,-0.16806401864999998,-0.32977470440163936
2022-05-08 16:00:00+02:00,2901.5254237288136,210.37027777777777,3000.0,750.0,1058.8449,0.0,1058.8449,0.1419,0.065,-0.07512504565500001,-0.2809882712083333
2022-05-08 16:30:00+02:00,2342.6884057971015,692.0906164383562,0.0,750.0,0.0,-900.59779,-900.59779,0.1419,0.065,0.029269428175,-0.10231632923630138
2022-05-08 17:00:00+02:00,1819.784090909091,1006.5386111111112,0.0,750.0,0.0,-63.24548,-63.24548,0.1419,0.065,0.0020554781000000004,-0.12462641445833333
2022-05-08 17:30:00+02:00,503.60759493670884,842.1545,0.0,0.0,338.54691,0.0,338.54691,0.1907,0.065,-0.032280447868500005,-0.080299431575
2022-05-08 18:00:00+02:00,327.90845070422534,781.3841666666666,0.0,0.0,453.47572,0.0,453.47572,0.1907,0.065,-0.043238909902,-0.07450498029166666
2022-05-08 18:30:00+02:00,255.18421052631578,721.2777900552486,0.0,0.0,466.09358,0.0,466.09358,0.1907,0.065,-0.044442022853,-0.06877383728176796
2022-05-08 19:00:00+02:00,336.5086206896552,393.5371666666667,0.0,0.0,57.028546,0.0,57.028546,0.1907,0.065,-0.0054376718611,-0.037523768841666666
2022-05-08 19:30:00+02:00,274.4741379310345,364.52944444444444,0.0,0.0,90.055307,0.0,90.055307,0.1907,0.065,-0.00858677352245,-0.03475788252777778
2022-05-08 20:00:00+02:00,137.8404255319149,365.6037222222222,0.0,0.0,227.7633,0.0,227.7633,0.1907,0.065,-0.021717230655,-0.034860314913888885
2022-05-08 20:30:00+02:00,42.867924528301884,266.9878333333333,3000.0,750.0,3974.1199,0.0,3974.1199,0.1419,0.065,-0.281963806905,-0.285005286775
2022-05-08 21:00:00+02:00,0.0,385.77149999999995,3000.0,750.0,4135.7715,0.0,4135.7715,0.1419,0.065,-0.29343298792499994,-0.293432987925
2022-05-08 21:30:00+02:00,0.0,427.128,3000.0,750.0,4177.128,0.0,4177.128,0.1419,0.065,-0.29636723159999995,-0.2963672316
2022-05-08 22:00:00+02:00,0.0,359.48344444444444,3000.0,750.0,4109.4834,0.0,4109.4834,0.1419,0.065,-0.29156784723,-0.2915678503833333
2022-05-08 22:30:00+02:00,0.0,384.25586592178774,3000.0,750.0,4134.2559,0.0,4134.2559,0.1419,0.065,-0.293325456105,-0.29332545368715085
2022-05-08 23:00:00+02:00,0.0,363.9922222222222,3000.0,750.0,4113.9922,0.0,4113.9922,0.1419,0.065,-0.29188774658999994,-0.2918877481666667
2022-05-08 23:30:00+02:00,0.0,290.4820555555555,3000.0,750.0,4040.4821,0.0,4040.4821,0.1419,0.065,-0.286672204995,-0.2866722018416667
2022-05-09 00:00:00+02:00,0.0,290.64077777777777,3000.0,0.0,3290.6408,0.0,3290.6408,0.1419,0.065,-0.23347096476,-0.23347096318333332
2022-05-09 00:30:00+02:00,0.0,367.23383333333334,0.0,750.0,1117.2338,0.0,1117.2338,0.1419,0.065,-0.07926773811,-0.079267740475
2022-05-09 01:00:00+02:00,0.0,721.7945054945055,3000.0,750.0,4471.7945,0.0,4471.7945,0.1419,0.065,-0.317273819775,-0.3172738201648352
2022-05-09 01:30:00+02:00,0.0,659.0382681564246,3000.0,750.0,4409.0383,0.0,4409.0383,0.1419,0.065,-0.312821267385,-0.3128212651256983
2022-05-09 02:00:00+02:00,0.0,168.00226519337016,3000.0,750.0,3918.0023,0.0,3918.0023,0.1419,0.065,-0.277982263185,-0.2779822607154696
2022-05-09 02:30:00+02:00,0.0,323.9778453038674,3000.0,750.0,4073.9778,0.0,4073.9778,0.1419,0.065,-0.28904872491000005,-0.28904872812430943
2022-05-09 03:00:00+02:00,0.0,445.8767759562841,0.0,0.0,445.87678,0.0,445.87678,0.1907,0.065,-0.042514350973,-0.04251435058743169
2022-05-09 03:30:00+02:00,0.0,179.69790055248617,0.0,0.0,179.6979,0.0,179.6979,0.1907,0.065,-0.017134194765,-0.017134194817679558
2022-05-09 04:00:00+02:00,0.0,273.61162011173184,0.0,0.0,273.61162,0.0,273.61162,0.1907,0.065,-0.026088867967000003,-0.02608886797765363
2022-05-09 04:30:00+02:00,0.0,224.34683333333334,0.0,0.0,224.34683,0.0,224.34683,0.1907,0.065,-0.0213914702405,-0.021391470558333334
2022-05-09 05:00:00+02:00,0.0,283.93655555555557,0.0,0.0,283.93656,0.0,283.93656,0.1907,0.065,-0.027073350996,-0.027073350572222224
2022-05-09 05:30:00+02:00,0.0,303.7397222222222,0.0,0.0,303.73972,0.0,303.73972,0.1907,0.065,-0.028961582302,-0.02896158251388889
2022-05-09 06:00:00+02:00,0.0,266.31794444444444,0.0,0.0,266.31794,0.0,266.31794,0.1907,0.065,-0.025393415579000003,-0.025393416002777777
2022-05-09 06:30:00+02:00,80.67692307692307,278.3003333333333,0.0,0.0,197.62341,0.0,197.62341,0.1907,0.065,-0.0188433921435,-0.026535936783333332
2022-05-09 07:00:00+02:00,143.953125,339.94466666666665,0.0,0.0,195.99154,0.0,195.99154,0.1907,0.065,-0.018687793339,-0.03241372396666666
2022-05-09 07:30:00+02:00,219.09302325581396,448.1766480446927,0.0,0.0,229.08362,0.0,229.08362,0.1907,0.065,-0.021843123167000003,-0.04273364339106145
2022-05-09 08:00:00+02:00,360.85714285714283,1415.6598324022348,0.0,0.0,1054.8027,0.0,1054.8027,0.1907,0.065,-0.10057543744500001,-0.1349831650195531
2022-05-09 08:30:00+02:00,680.6346153846154,522.4942222222222,0.0,0.0,0.0,-158.14039,-158.14039,0.1907,0.065,0.005139562675,-0.04981982408888889
2022-05-09 09:00:00+02:00,1165.4444444444443,329.9253888888889,0.0,0.0,0.0,-835.51906,-835.51906,0.1907,0.065,0.02715436945,-0.03145838583055556
2022-05-09 09:30:00+02:00,1751.622754491018,1514.6205,0.0,0.0,0.0,-237.00225,-237.00225,0.1907,0.065,0.007702573125000001,-0.144419064675
2022-05-09 10:00:00+02:00,2488.62874251497,298.7842777777778,0.0,0.0,0.0,-2189.8445,-2189.8445,0.1907,0.065,0.07116994625,-0.02848908088611111
2022-05-09 10:30:00+02:00,3012.4347826086955,274.201,0.0,0.0,0.0,-2738.2338,-2738.2338,0.1907,0.065,0.0889925985,-0.026145065350000003
2022-05-09 11:00:00+02:00,3369.4127906976746,313.38244444444445,0.0,0.0,0.0,-3056.0303,-3056.0303,0.1907,0.065,0.09932098475,-0.029881016077777777
2022-05-09 11:30:00+02:00,3309.7714285714287,369.20748603351956,0.0,0.0,0.0,-2940.5639,-2940.5639,0.1907,0.065,0.09556832675000002,-0.03520393379329609
2022-05-09 12:00:00+02:00,3363.0872093023254,505.10755555555556,0.0,0.0,0.0,-2857.9797,-2857.9797,0.1907,0.065,0.09288434025,-0.04816200542222222
2022-05-09 12:30:00+02:00,4199.931428571429,373.6619553072626,0.0,0.0,0.0,-3826.2695,-3826.2695,0.1907,0.065,0.12435375875,-0.035628667438547486
2022-05-09 13:00:00+02:00,3619.3142857142857,391.18966666666665,0.0,0.0,0.0,-3228.1246,-3228.1246,0.1907,0.065,0.10491404950000001,-0.03729993471666666
2022-05-09 13:30:00+02:00,3876.1294117647058,381.6747222222222,0.0,0.0,0.0,-3494.4547,-3494.4547,0.1907,0.065,0.11356977775,-0.03639268476388889
2022-05-09 14:00:00+02:00,4172.0344827586205,308.51505555555553,0.0,0.0,0.0,-3863.5194,-3863.5194,0.1907,0.065,0.12556438050000002,-0.02941691054722222
2022-05-09 14:30:00+02:00,4128.036144578313,363.7331284916201,0.0,0.0,0.0,-3764.303,-3764.303,0.1907,0.065,0.1223398475,-0.03468195380167598
2022-05-09 15:00:00+02:00,2256.183908045977,363.6760555555556,0.0,0.0,0.0,-1892.5079,-1892.5079,0.1907,0.065,0.06150650675000001,-0.03467651189722223
2022-05-09 15:30:00+02:00,2253.3238636363635,793.6261202185792,0.0,750.0,0.0,-709.69774,-709.69774,0.1419,0.065,0.02306517655,-0.1095202732295082
2022-05-09 16:00:00+02:00,3545.7023809523807,719.8178888888889,0.0,750.0,0.0,-2075.8845,-2075.8845,0.1419,0.065,0.06746624625000001,-0.10428357921666666
2022-05-09 16:30:00+02:00,3163.689655172414,298.2709392265193,3000.0,750.0,884.58128,0.0,884.58128,0.1419,0.065,-0.062761041816,-0.28722482313812153
2022-05-09 17:00:00+02:00,1697.2142857142858,553.9279005524862,0.0,750.0,0.0,-393.28639,-393.28639,0.1419,0.065,0.012781807675,-0.09251368454419891
2022-05-09 17:30:00+02:00,1805.7882352941176,191.70696132596686,0.0,0.0,0.0,-1614.0813,-1614.0813,0.1907,0.065,0.052457642250000006,-0.01827925876243094
2022-05-09 18:00:00+02:00,1787.7118644067796,299.05938547486033,0.0,0.0,0.0,-1488.6525,-1488.6525,0.1907,0.065,0.048381206249999996,-0.028515312405027932
2022-05-09 18:30:00+02:00,329.13513513513516,377.85360000000003,0.0,0.0,48.718465,0.0,48.718465,0.1907,0.065,-0.004645305637750001,-0.03602834076
2022-05-09 19:00:00+02:00,247.265625,801.412967032967,0.0,0.0,554.14734,0.0,554.14734,0.1907,0.065,-0.052837948869,-0.0764147264065934
2022-05-09 19:30:00+02:00,260.47286821705427,275.4685635359116,0.0,0.0,14.995695,0.0,14.995695,0.1907,0.065,-0.0014298395182500002,-0.02626592753314917
2022-05-09 20:00:00+02:00,166.83620689655172,357.76283333333333,0.0,0.0,190.92663,0.0,190.92663,0.1907,0.065,-0.0182048541705,-0.034112686158333336
2022-05-09 20:30:00+02:00,55.0,416.4098882681564,0.0,750.0,1111.4099,0.0,1111.4099,0.1419,0.065,-0.078854532405,-0.0827567815726257
2022-05-09 21:00:00+02:00,0.0,390.2637222222222,0.0,750.0,1140.2637,0.0,1140.2637,0.1419,0.065,-0.08090170951499999,-0.08090171109166668
2022-05-09 21:30:00+02:00,0.0,309.8258888888889,0.0,750.0,1059.8259,0.0,1059.8259,0.1419,0.065,-0.075194647605,-0.07519464681666668
2022-05-09 22:00:00+02:00,0.0,382.20922222222225,3000.0,750.0,4132.2092,0.0,4132.2092,0.1419,0.065,-0.29318024274000004,-0.29318024431666667
2022-05-09 22:30:00+02:00,0.0,370.2379888268157,3000.0,750.0,4120.238,0.0,4120.238,0.1419,0.065,-0.2923308861000001,-0.2923308853072626
2022-05-09 23:00:00+02:00,0.0,309.3551111111111,0.0,750.0,1059.3551,0.0,1059.3551,0.1419,0.065,-0.075161244345,-0.07516124513333333
2022-05-09 23:30:00+02:00,0.0,333.62111111111113,0.0,750.0,1083.6211,0.0,1083.6211,0.1419,0.065,-0.076882917045,-0.07688291783333333
2022-05-10 00:00:00+02:00,0.0,344.39088888888887,0.0,750.0,1094.3909,0.0,1094.3909,0.1419,0.065,-0.077647034355,-0.07764703356666666
2022-05-10 00:30:00+02:00,0.0,243.62933333333334,0.0,750.0,993.62933,0.0,993.62933,0.1419,0.065,-0.07049800096350001,-0.07049800120000001
2022-05-10 01:00:00+02:00,0.0,741.5895628415301,0.0,0.0,741.58956,0.0,741.58956,0.1419,0.065,-0.052615779282,-0.052615779483606566
2022-05-10 01:30:00+02:00,0.0,541.8903888888889,3000.0,750.0,4291.8904,0.0,4291.8904,0.1419,0.065,-0.30450962388,-0.3045096230916667
2022-05-10 02:00:00+02:00,0.0,242.85519553072626,3000.0,750.0,3992.8552,0.0,3992.8552,0.1419,0.065,-0.28329307644,-0.28329307612290505
2022-05-10 02:30:00+02:00,0.0,442.0636464088398,3000.0,750.0,4192.0636,0.0,4192.0636,0.1419,0.065,-0.29742691242,-0.29742691571270724
2022-05-10 03:00:00+02:00,0.0,267.3271508379888,0.0,0.0,267.32715,0.0,267.32715,0.1907,0.065,-0.025489643752500003,-0.025489643832402233
2022-05-10 03:30:00+02:00,0.0,269.70522222222223,0.0,0.0,269.70522,0.0,269.70522,0.1907,0.065,-0.025716392727000003,-0.02571639293888889
2022-05-10 04:00:00+02:00,0.0,250.28843575418992,0.0,0.0,250.28844,0.0,250.28844,0.1907,0.065,-0.023865002754000005,-0.023865002349162008
2022-05-10 04:30:00+02:00,0.0,264.5687150837989,0.0,0.0,264.56872,0.0,264.56872,0.1907,0.065,-0.025226627451999998,-0.025226626983240227
2022-05-10 05:00:00+02:00,0.0,246.3661797752809,0.0,0.0,246.36618,0.0,246.36618,0.1907,0.065,-0.023491015263,-0.023491015241573033
2022-05-10 05:30:00+02:00,0.0,205.19629213483148,0.0,0.0,205.19629,0.0,205.19629,0.1907,0.065,-0.0195654662515,-0.01956546645505618
2022-05-10 06:00:00+02:00,0.0,281.86233333333337,0.0,0.0,281.86233,0.0,281.86233,0.1907,0.065,-0.026875573165500002,-0.026875573483333335
2022-05-10 06:30:00+02:00,81.6,309.3776666666667,0.0,0.0,227.77767,0.0,227.77767,0.1907,0.065,-0.0217186008345,-0.02949916051666667
2022-05-10 07:00:00+02:00,132.52713178294573,396.04761111111117,0.0,0.0,263.52048,0.0,263.52048,0.1907,0.065,-0.025126677768000004,-0.03776313971944445
2022-05-10 07:30:00+02:00,164.93650793650792,266.02440677966104,0.0,0.0,101.0879,0.0,101.0879,0.1907,0.065,-0.009638731265,-0.02536542718644068
2022-05-10 08:00:00+02:00,329.68794326241135,314.8494382022472,0.0,0.0,0.0,-14.838505,-14.838505,0.1907,0.065,0.0004822514125,-0.03002089393258427
2022-05-10 08:30:00+02:00,578.601226993865,234.2482222222222,0.0,0.0,0.0,-344.353,-344.353,0.1907,0.065,0.011191472500000002,-0.022335567988888888
2022-05-10 09:00:00+02:00,1099.1785714285713,244.7678888888889,0.0,0.0,0.0,-854.41068,-854.41068,0.1907,0.065,0.0277683471,-0.023338618205555557
2022-05-10 09:30:00+02:00,1728.5714285714287,266.51433333333335,0.0,0.0,0.0,-1462.0571,-1462.0571,0.1907,0.065,0.04751685575,-0.025412141683333337
2022-05-10 10:00:00+02:00,2214.759036144578,210.18111731843575,0.0,0.0,0.0,-2004.5779,-2004.5779,0.1907,0.065,0.06514878175,-0.020040769536312848
2022-05-10 10:30:00+02:00,2660.7865853658536,270.25405555555557,0.0,0.0,0.0,-2390.5325,-2390.5325,0.1907,0.065,0.07769230625000001,-0.025768724197222224
2022-05-10 11:00:00+02:00,3035.265060240964,311.73766666666666,0.0,0.0,0.0,-2723.5274,-2723.5274,0.1907,0.065,0.0885146405,-0.029724186516666664
2022-05-10 11:30:00+02:00,3372.3636363636365,227.88133333333332,0.0,0.0,0.0,-3144.4823,-3144.4823,0.1907,0.065,0.10219567475,-0.021728485133333333
2022-05-10 12:00:00+02:00,3640.9942857142855,239.5825698324022,0.0,0.0,0.0,-3401.4117,-3401.4117,0.1907,0.065,0.11054588025,-0.02284419803351955
2022-05-10 12:30:00+02:00,3729.67816091954,277.5898888888889,0.0,0.0,0.0,-3452.0883,-3452.0883,0.1907,0.065,0.11219286975000001,-0.026468195905555554
2022-05-10 13:00:00+02:00,3821.4157303370785,251.46655555555557,0.0,0.0,0.0,-3569.9492,-3569.9492,0.1907,0.065,0.11602334900000001,-0.023977336072222223
2022-05-10 13:30:00+02:00,3899.1348314606744,298.1911111111111,0.0,0.0,0.0,-3600.9437,-3600.9437,0.1907,0.065,0.11703067025,-0.028432522444444445
2022-05-10 14:00:00+02:00,3756.502857142857,283.3683888888889,0.0,0.0,0.0,-3473.1345,-3473.1345,0.1907,0.065,0.11287687125000001,-0.027019175880555555
2022-05-10 14:30:00+02:00,3701.2191011235955,239.8365,0.0,0.0,0.0,-3461.3826,-3461.3826,0.1907,0.065,0.1124949345,-0.022868410275
2022-05-10 15:00:00+02:00,3654.587570621469,238.67927777777777,0.0,0.0,0.0,-3415.9083,-3415.9083,0.1907,0.065,0.11101701975,-0.02275806913611111
2022-05-10 15:30:00+02:00,3398.875706214689,755.2824043715847,3000.0,750.0,1106.4067,0.0,1106.4067,0.1419,0.065,-0.078499555365,-0.31964978659016396
2022-05-10 16:00:00+02:00,3303.536312849162,209.8595,0.0,750.0,0.0,-2343.6768,-2343.6768,0.1419,0.065,0.07616949600000002,-0.06810203152500001
2022-05-10 16:30:00+02:00,2868.7,254.13783333333333,3000.0,750.0,1135.4378,0.0,1135.4378,0.1419,0.065,-0.08055931190999999,-0.284093579275
2022-05-10 17:00:00+02:00,2178.803370786517,392.0990710382514,3000.0,750.0,1963.2957,0.0,1963.2957,0.1419,0.065,-0.13929582991499997,-0.2938819290901639
2022-05-10 17:30:00+02:00,1843.1073446327684,223.67777777777778,0.0,0.0,0.0,-1619.4296,-1619.4296,0.1907,0.065,0.052631462,-0.02132767611111111
2022-05-10 18:00:00+02:00,1773.296089385475,238.05716666666666,0.0,0.0,0.0,-1535.2389,-1535.2389,0.1907,0.065,0.04989526425,-0.022698750841666667
2022-05-10 18:30:00+02:00,1693.76875,1164.9605000000001,0.0,0.0,0.0,-528.80825,-528.80825,0.1907,0.065,0.017186268125,-0.111078983675
2022-05-10 19:00:00+02:00,840.503144654088,898.0696111111112,0.0,0.0,57.566466,0.0,57.566466,0.1907,0.065,-0.005488962533100001,-0.08563093741944446
2022-05-10 19:30:00+02:00,395.5365853658537,449.5688826815643,0.0,0.0,54.032297,0.0,54.032297,0.1907,0.065,-0.00515197951895,-0.042866392963687154
2022-05-10 20:00:00+02:00,218.4822695035461,473.58444444444444,0.0,0.0,255.10217,0.0,255.10217,0.1907,0.065,-0.024323991909500003,-0.045156276777777775
2022-05-10 20:30:00+02:00,43.84090909090909,293.31100558659216,3000.0,750.0,3999.4701,0.0,3999.4701,0.1419,0.065,-0.28376240359500005,-0.28687291584636876
2022-05-10 21:00:00+02:00,0.0,360.63744444444444,3000.0,750.0,4110.6374,0.0,4110.6374,0.1419,0.065,-0.29164972352999996,-0.29164972668333333
2022-05-10 21:30:00+02:00,0.0,471.4557222222222,0.0,750.0,1221.4557,0.0,1221.4557,0.1419,0.065,-0.086662281915,-0.08666228349166667
2022-05-10 22:00:00+02:00,0.0,372.6475977653631,3000.0,750.0,4122.6476,0.0,4122.6476,0.1419,0.065,-0.29250184722,-0.2925018470614525
2022-05-10 22:30:00+02:00,0.0,411.53988888888887,3000.0,750.0,4161.5399,0.0,4161.5399,0.1419,0.065,-0.29526125590499996,-0.2952612551166667
2022-05-10 23:00:00+02:00,0.0,351.03696132596684,3000.0,750.0,4101.037,0.0,4101.037,0.1419,0.065,-0.29096857515,-0.2909685724060774
2022-05-10 23:30:00+02:00,0.0,304.1902222222222,0.0,750.0,1054.1902,0.0,1054.1902,0.1419,0.065,-0.07479479469,-0.07479479626666667
2022-05-11 00:00:00+02:00,0.0,361.0997777777778,3000.0,750.0,4111.0998,0.0,4111.0998,0.1419,0.065,-0.29168253081,-0.2916825292333333
2022-05-11 00:30:00+02:00,0.0,299.54949999999997,3000.0,750.0,4049.5495,0.0,4049.5495,0.1419,0.065,-0.287315537025,-0.287315537025
2022-05-11 01:00:00+02:00,0.0,670.4368306010929,0.0,0.0,670.43683,0.0,670.43683,0.1419,0.065,-0.0475674930885,-0.04756749313114754
2022-05-11 01:30:00+02:00,0.0,766.9017222222222,3000.0,750.0,4516.9017,0.0,4516.9017,0.1419,0.065,-0.320474175615,-0.32047417719166665
2022-05-11 02:00:00+02:00,0.0,807.6400000000001,3000.0,750.0,4557.64,0.0,4557.64,0.1419,0.065,-0.323364558,-0.323364558
2022-05-11 02:30:00+02:00,0.0,227.35322222222223,3000.0,750.0,3977.3532,0.0,3977.3532,0.1419,0.065,-0.28219320954,-0.2821932111166667
2022-05-11 03:00:00+02:00,0.0,242.2435359116022,0.0,0.0,242.24354,0.0,242.24354,0.1907,0.065,-0.023097921539,-0.02309792114917127
2022-05-11 03:30:00+02:00,0.0,284.9022777777778,0.0,0.0,284.90228,0.0,284.90228,0.1907,0.065,-0.027165432398000004,-0.027165432186111112
2022-05-11 04:00:00+02:00,0.0,216.63116666666667,0.0,0.0,216.63117,0.0,216.63117,0.1907,0.065,-0.020655782059500003,-0.020655781741666667
2022-05-11 04:30:00+02:00,0.0,294.88205555555555,0.0,0.0,294.88206,0.0,294.88206,0.1907,0.065,-0.028117004421000003,-0.028117003997222223
2022-05-11 05:00:00+02:00,0.0,317.0287777777778,0.0,0.0,317.02878,0.0,317.02878,0.1907,0.065,-0.030228694173,-0.030228693961111115
2022-05-11 05:30:00+02:00,0.0,222.06633333333335,0.0,0.0,222.06633,0.0,222.06633,0.1907,0.065,-0.0211740245655,-0.021174024883333333
2022-05-11 06:00:00+02:00,0.0,251.14422222222223,0.0,0.0,251.14422,0.0,251.14422,0.1907,0.065,-0.023946601377000002,-0.02394660158888889
2022-05-11 06:30:00+02:00,72.02272727272727,286.16770949720666,0.0,0.0,214.14498,0.0,214.14498,0.1907,0.065,-0.020418723843000003,-0.027286091100558654
2022-05-11 07:00:00+02:00,112.0721649484536,317.15961111111113,0.0,0.0,205.08745,0.0,205.08745,0.1907,0.065,-0.0195550883575,-0.030241168919444446
2022-05-11 07:30:00+02:00,164.10476190476192,356.88616666666667,0.0,0.0,192.7814,0.0,192.7814,0.1907,0.065,-0.01838170649,-0.03402909599166667
2022-05-11 08:00:00+02:00,290.68888888888887,362.3851111111111,0.0,0.0,71.696222,0.0,71.696222,0.1907,0.065,-0.006836234767700001,-0.03455342034444444
2022-05-11 08:30:00+02:00,648.8807947019867,327.19811111111113,0.0,0.0,0.0,-321.68268,-321.68268,0.1907,0.065,0.010454687100000002,-0.031198339894444448
2022-05-11 09:00:00+02:00,1168.9407894736842,258.7760674157303,0.0,0.0,0.0,-910.16472,-910.16472,0.1907,0.065,0.029580353400000002,-0.024674298028089885
2022-05-11 09:30:00+02:00,1709.2025316455697,646.8332222222222,0.0,0.0,0.0,-1062.3693,-1062.3693,0.1907,0.065,0.03452700225,-0.061675547738888885
2022-05-11 10:00:00+02:00,2214.7672955974845,1278.835393258427,0.0,0.0,0.0,-935.9319,-935.9319,0.1907,0.065,0.030417786750000002,-0.12193695474719102
2022-05-11 10:30:00+02:00,2650.6363636363635,366.9606703910615,0.0,0.0,0.0,-2283.6757,-2283.6757,0.1907,0.065,0.07421946025,-0.034989699921787715
2022-05-11 11:00:00+02:00,3004.6918238993712,625.6487222222222,0.0,0.0,0.0,-2379.0431,-2379.0431,0.1907,0.065,0.07731890075,-0.05965560566388889
2022-05-11 11:30:00+02:00,3308.506097560976,518.2145555555555,0.0,0.0,0.0,-2790.2915,-2790.2915,0.1907,0.065,0.09068447375,-0.04941175787222222
2022-05-11 12:00:00+02:00,3595.150684931507,734.5175722543353,0.0,0.0,0.0,-2860.6331,-2860.6331,0.1907,0.065,0.09297057575,-0.07003625051445087
2022-05-11 12:30:00+02:00,3779.7727272727275,524.5361111111112,0.0,0.0,0.0,-3255.2366,-3255.2366,0.1907,0.065,0.10579518950000001,-0.05001451819444445
2022-05-11 13:00:00+02:00,3860.9076923076923,299.48942857142856,0.0,0.0,0.0,-3561.4183,-3561.4183,0.1907,0.065,0.11574609475,-0.028556317014285713
2022-05-11 13:30:00+02:00,3883.3766233766232,412.5095283018868,0.0,0.0,0.0,-3470.8671,-3470.8671,0.1907,0.065,0.11280318075,-0.03933278352358491
2022-05-11 14:00:00+02:00,3960.6455696202534,377.5422222222223,0.0,0.0,0.0,-3583.1033,-3583.1033,0.1907,0.065,0.11645085725000001,-0.03599865088888889
2022-05-11 14:30:00+02:00,3936.963190184049,342.34644444444444,0.0,0.0,0.0,-3594.6167,-3594.6167,0.1907,0.065,0.11682504275000001,-0.032642733477777776
2022-05-11 15:00:00+02:00,3898.687074829932,607.420111111111,0.0,0.0,0.0,-3291.267,-3291.267,0.1907,0.065,0.10696617750000001,-0.05791750759444444
2022-05-11 15:30:00+02:00,3761.0779220779223,1200.467267759563,0.0,750.0,0.0,-1810.6107,-1810.6107,0.1419,0.065,0.05884484775,-0.138385652647541
2022-05-11 16:00:00+02:00,3547.551515151515,1049.4002777777778,0.0,750.0,0.0,-1748.1512,-1748.1512,0.1419,0.065,0.056814914,-0.12766744970833335
2022-05-11 16:30:00+02:00,3307.128205128205,608.1580662983425,0.0,750.0,0.0,-1948.9701,-1948.9701,0.1419,0.065,0.06334152825,-0.09636131480386739
2022-05-11 17:00:00+02:00,2988.7701863354037,283.1611602209945,0.0,750.0,0.0,-1955.609,-1955.609,0.1419,0.065,0.0635572925,-0.07330278431767957
2022-05-11 17:30:00+02:00,2618.042944785276,632.3597282608696,0.0,0.0,0.0,-1985.6832,-1985.6832,0.1907,0.065,0.06453470400000001,-0.060295500089673916
2022-05-11 18:00:00+02:00,2185.4177215189875,924.9158791208791,0.0,0.0,0.0,-1260.5018,-1260.5018,0.1907,0.065,0.04096630850000001,-0.08819072907417583
2022-05-11 18:30:00+02:00,1690.2611464968154,469.17939226519337,0.0,0.0,0.0,-1221.0818,-1221.0818,0.1907,0.065,0.0396851585,-0.044736255052486185
2022-05-11 19:00:00+02:00,1141.6012658227849,800.1788524590164,0.0,0.0,0.0,-341.42241,-341.42241,0.1907,0.065,0.011096228325,-0.07629705358196721
2022-05-11 19:30:00+02:00,229.984496124031,400.2851912568306,0.0,0.0,170.3007,0.0,170.3007,0.1907,0.065,-0.016238171745000002,-0.0381671929863388
2022-05-11 20:00:00+02:00,76.01020408163265,1168.0042857142857,0.0,0.0,1091.9941,0.0,1091.9941,0.1907,0.065,-0.104121637435,-0.11136920864285714
2022-05-11 20:30:00+02:00,9.5,627.0155675675676,3000.0,750.0,4367.5156,0.0,4367.5156,0.1419,0.065,-0.30987523182,-0.31054925451891896
2022-05-11 21:00:00+02:00,0.0,400.93381215469617,3000.0,750.0,4150.9338,0.0,4150.9338,0.1419,0.065,-0.29450875310999997,-0.2945087539723757
2022-05-11 21:30:00+02:00,0.0,1580.797111111111,0.0,750.0,2330.7971,0.0,2330.7971,0.1419,0.065,-0.16537005424499998,-0.16537005503333332
2022-05-11 22:00:00+02:00,0.0,406.2009497206704,3000.0,750.0,4156.2009,0.0,4156.2009,0.1419,0.065,-0.294882453855,-0.29488245738268154
2022-05-11 22:30:00+02:00,0.0,330.8929444444445,3000.0,750.0,4080.8929,0.0,4080.8929,0.1419,0.065,-0.28953935125499997,-0.28953935440833334
2022-05-11 23:00:00+02:00,0.0,282.5227624309392,0.0,750.0,1032.5228,0.0,1032.5228,0.1419,0.065,-0.07325749265999999,-0.07325748999447514
2022-05-11 23:30:00+02:00,0.0,327.4675555555556,0.0,750.0,1077.4676,0.0,1077.4676,0.1419,0.065,-0.07644632621999999,-0.07644632306666667
2022-05-12 00:00:00+02:00,0.0,355.69455555555555,0.0,750.0,1105.6946,0.0,1105.6946,0.1419,0.065,-0.07844903187,-0.07844902871666667
2022-05-12 00:30:00+02:00,0.0,335.6985555555556,0.0,750.0,1085.6986,0.0,1085.6986,0.1419,0.065,-0.07703031566999999,-0.07703031251666669
2022-05-12 01:00:00+02:00,0.0,783.6058241758242,3000.0,0.0,3783.6058,0.0,3783.6058,0.1419,0.065,-0.26844683151,-0.26844683322527474
2022-05-12 01:30:00+02:00,0.0,290.24016853932585,3000.0,750.0,4040.2402,0.0,4040.2402,0.1419,0.065,-0.28665504219000004,-0.2866550399578652
2022-05-12 02:00:00+02:00,0.0,294.1984916201117,3000.0,750.0,4044.1985,0.0,4044.1985,0.1419,0.065,-0.286935883575,-0.2869358829804469
2022-05-12 02:30:00+02:00,0.0,366.3903846153846,0.0,750.0,1116.3904,0.0,1116.3904,0.1419,0.065,-0.07920789888,-0.07920789778846155
2022-05-12 03:00:00+02:00,0.0,251.63893854748605,0.0,0.0,251.63894,0.0,251.63894,0.1907,0.065,-0.023993772929,-0.023993772790502795
2022-05-12 03:30:00+02:00,0.0,269.2010055865922,0.0,0.0,269.20101,0.0,269.20101,0.1907,0.065,-0.0256683163035,-0.025668315882681567
2022-05-12 04:00:00+02:00,0.0,217.3705586592179,0.0,0.0,217.37056,0.0,217.37056,0.1907,0.065,-0.020726282896000002,-0.020726282768156426
2022-05-12 04:30:00+02:00,0.0,232.97522222222221,0.0,0.0,232.97522,0.0,232.97522,0.1907,0.065,-0.022214187227000002,-0.022214187438888887
2022-05-12 05:00:00+02:00,0.0,320.40855555555555,0.0,0.0,320.40856,0.0,320.40856,0.1907,0.065,-0.030550956196000005,-0.03055095577222222
2022-05-12 05:30:00+02:00,0.0,267.16111731843574,0.0,0.0,267.16112,0.0,267.16112,0.1907,0.065,-0.025473812792000002,-0.025473812536312847
2022-05-12 06:00:00+02:00,0.0,217.4363888888889,0.0,0.0,217.43639,0.0,217.43639,0.1907,0.065,-0.0207325597865,-0.020732559680555557
2022-05-12 06:30:00+02:00,70.45454545454545,231.7313888888889,0.0,0.0,161.27684,0.0,161.27684,0.1907,0.065,-0.015377746694000001,-0.022095587930555556
2022-05-12 07:00:00+02:00,116.87128712871286,361.3871111111111,0.0,0.0,244.51582,0.0,244.51582,0.1907,0.065,-0.023314583437,-0.034458261044444445
2022-05-12 07:30:00+02:00,174.6095238095238,319.8858333333333,0.0,0.0,145.27631,0.0,145.27631,0.1907,0.065,-0.0138520961585,-0.030501114208333333
2022-05-12 08:00:00+02:00,362.4496644295302,286.6956179775281,0.0,0.0,0.0,-75.754046,-75.754046,0.1907,0.065,0.0024620064950000003,-0.027336427174157307
2022-05-12 08:30:00+02:00,747.7218934911242,234.63266666666667,0.0,0.0,0.0,-513.08923,-513.08923,0.1907,0.065,0.016675399975,-0.022372224766666667
2022-05-12 09:00:00+02:00,1227.3433734939758,276.48445086705203,0.0,0.0,0.0,-950.85892,-950.85892,0.1907,0.065,0.0309029149,-0.02636279239017341
2022-05-12 09:30:00+02:00,1767.2616279069769,294.50722222222225,0.0,0.0,0.0,-1472.7544,-1472.7544,0.1907,0.065,0.047864518,-0.028081263638888892
2022-05-12 10:00:00+02:00,2272.5257142857145,271.2636111111111,0.0,0.0,0.0,-2001.2621,-2001.2621,0.1907,0.065,0.06504101825,-0.025864985319444447
2022-05-12 10:30:00+02:00,2318.1714285714284,278.7369832402235,0.0,0.0,0.0,-2039.4344,-2039.4344,0.1907,0.065,0.06628161800000001,-0.02657757135195531
2022-05-12 11:00:00+02:00,3116.051724137931,292.75811111111113,0.0,0.0,0.0,-2823.2936,-2823.2936,0.1907,0.065,0.091757042,-0.02791448589444445
2022-05-12 11:30:00+02:00,3240.1340782122907,268.4373888888889,0.0,0.0,0.0,-2971.6967,-2971.6967,0.1907,0.065,0.09658014275000001,-0.025595505030555556
2022-05-12 12:00:00+02:00,3521.3888888888887,252.72977777777777,0.0,0.0,0.0,-3268.6591,-3268.6591,0.1907,0.065,0.10623142075,-0.02409778431111111
2022-05-12 12:30:00+02:00,3588.842105263158,297.3029608938548,0.0,0.0,0.0,-3291.5391,-3291.5391,0.1907,0.065,0.10697502075,-0.028347837321229055
2022-05-12 13:00:00+02:00,3973.242603550296,330.7853888888889,0.0,0.0,0.0,-3642.4572,-3642.4572,0.1907,0.065,0.118379859,-0.03154038683055556
2022-05-12 13:30:00+02:00,3982.4886363636365,260.66575418994415,0.0,0.0,0.0,-3721.8229,-3721.8229,0.1907,0.065,0.12095924425000001,-0.024854479662011174
2022-05-12 14:00:00+02:00,3899.7966101694915,244.45433333333332,0.0,0.0,0.0,-3655.3423,-3655.3423,0.1907,0.065,0.11879862475,-0.023308720683333332
2022-05-12 14:30:00+02:00,3814.7640449438204,298.6466111111111,0.0,0.0,0.0,-3516.1174,-3516.1174,0.1907,0.065,0.11427381550000001,-0.028475954369444445
2022-05-12 15:00:00+02:00,3880.7,339.06638888888887,0.0,0.0,0.0,-3541.6336,-3541.6336,0.1907,0.065,0.115103092,-0.03232998018055555
2022-05-12 15:30:00+02:00,3652.6610169491523,755.5848633879781,0.0,750.0,0.0,-2147.0762,-2147.0762,0.1419,0.065,0.06977997650000001,-0.10682124605737706
2022-05-12 16:00:00+02:00,3173.1828571428573,255.31794444444446,0.0,750.0,0.0,-2167.8649,-2167.8649,0.1419,0.065,0.07045560925000001,-0.07132730815833334
2022-05-12 16:30:00+02:00,2825.2824858757062,295.08233333333334,3000.0,750.0,1219.7998,0.0,1219.7998,0.1419,0.065,-0.08654479580999999,-0.28699859155
2022-05-12 17:00:00+02:00,2211.7457627118642,445.9456284153006,3000.0,750.0,1984.1999,0.0,1984.1999,0.1419,0.065,-0.140778982905,-0.2977023423360656
2022-05-12 17:30:00+02:00,1714.3202247191011,154.23723756906077,0.0,0.0,0.0,-1560.083,-1560.083,0.1907,0.065,0.050702697500000005,-0.014706520602209944
2022-05-12 18:00:00+02:00,1065.3668639053255,318.51588888888887,0.0,0.0,0.0,-746.85098,-746.85098,0.1907,0.065,0.024272656850000005,-0.030370490005555553
2022-05-12 18:30:00+02:00,769.25,737.5221111111111,0.0,0.0,0.0,-31.727889,-31.727889,0.1907,0.065,0.0010311563925,-0.07032273329444445
2022-05-12 19:00:00+02:00,499.47798742138366,655.4306703910614,0.0,0.0,155.95268,0.0,155.95268,0.1907,0.065,-0.014870088037999999,-0.062495314421787705
2022-05-12 19:30:00+02:00,203.40425531914894,414.69022222222225,0.0,0.0,211.28597,0.0,211.28597,0.1907,0.065,-0.0201461172395,-0.03954071268888889
2022-05-12 20:00:00+02:00,63.25675675675676,333.51283333333333,0.0,0.0,270.25608,0.0,270.25608,0.1907,0.065,-0.025768917228,-0.031800448658333334
2022-05-12 20:30:00+02:00,0.0,302.0332960893855,3000.0,750.0,4052.0333,0.0,4052.0333,0.1419,0.065,-0.287491762635,-0.2874917623575419
2022-05-12 21:00:00+02:00,0.0,335.9987222222222,3000.0,750.0,4085.9987,0.0,4085.9987,0.1419,0.065,-0.289901607765,-0.2899016093416667
2022-05-12 21:30:00+02:00,0.0,287.7867597765363,3000.0,750.0,4037.7868,0.0,4037.7868,0.1419,0.065,-0.28648097345999995,-0.28648097060614525
2022-05-12 22:00:00+02:00,0.0,342.8033888888889,3000.0,750.0,4092.8034,0.0,4092.8034,0.1419,0.065,-0.29038440123,-0.2903844004416667
2022-05-12 22:30:00+02:00,0.0,381.40211111111114,3000.0,750.0,4131.4021,0.0,4131.4021,0.1419,0.065,-0.29312297899500006,-0.29312297978333335
2022-05-12 23:00:00+02:00,0.0,321.6037777777778,0.0,750.0,1071.6038,0.0,1071.6038,0.1419,0.065,-0.07603028961000001,-0.07603028803333334
2022-05-12 23:30:00+02:00,0.0,295.51692737430164,3000.0,750.0,4045.5169,0.0,4045.5169,0.1419,0.065,-0.287029424055,-0.2870294259972067
2022-05-13 00:00:00+02:00,0.0,372.84944444444443,3000.0,0.0,3372.8494,0.0,3372.8494,0.1419,0.065,-0.23930366493,-0.23930366808333337
2022-05-13 00:30:00+02:00,0.0,383.95311111111107,3000.0,750.0,4133.9531,0.0,4133.9531,0.1419,0.065,-0.293303972445,-0.29330397323333335
2022-05-13 01:00:00+02:00,0.0,738.8545604395605,3000.0,750.0,4488.8546,0.0,4488.8546,0.1419,0.065,-0.31848423386999997,-0.31848423106318685
2022-05-13 01:30:00+02:00,0.0,727.4979444444444,3000.0,750.0,4477.4979,0.0,4477.4979,0.1419,0.065,-0.317678476005,-0.31767847915833336
2022-05-13 02:00:00+02:00,0.0,778.1470555555555,0.0,750.0,1528.1471,0.0,1528.1471,0.1419,0.065,-0.10842203674499999,-0.10842203359166667
2022-05-13 02:30:00+02:00,0.0,442.31681564245815,0.0,750.0,1192.3168,0.0,1192.3168,0.1419,0.065,-0.08459487696000001,-0.0845948780698324
2022-05-13 03:00:00+02:00,0.0,153.7909497206704,0.0,0.0,153.79095,0.0,153.79095,0.1907,0.065,-0.014663967082500002,-0.014663967055865923
2022-05-13 03:30:00+02:00,0.0,256.22201117318434,0.0,0.0,256.22201,0.0,256.22201,0.1907,0.065,-0.024430768653500003,-0.024430768765363126
2022-05-13 04:00:00+02:00,0.0,252.10861111111112,0.0,0.0,252.10861,0.0,252.10861,0.1907,0.065,-0.0240385559635,-0.024038556069444446
2022-05-13 04:30:00+02:00,0.0,196.93444444444444,0.0,0.0,196.93444,0.0,196.93444,0.1907,0.065,-0.018777698854,-0.01877769927777778
2022-05-13 05:00:00+02:00,0.0,280.438,0.0,0.0,280.438,0.0,280.438,0.1907,0.065,-0.0267397633,-0.0267397633
2022-05-13 05:30:00+02:00,0.0,270.9291111111111,0.0,0.0,270.92911,0.0,270.92911,0.1907,0.065,-0.0258330906385,-0.025833090744444447
2022-05-13 06:00:00+02:00,0.0,221.06344444444443,0.0,0.0,221.06344,0.0,221.06344,0.1907,0.065,-0.021078399004000003,-0.021078399427777776
2022-05-13 06:30:00+02:00,81.1358024691358,198.08494444444446,0.0,0.0,116.94914,0.0,116.94914,0.1907,0.065,-0.011151100499,-0.01888739945277778
2022-05-13 07:00:00+02:00,132.018018018018,327.464,0.0,0.0,195.44598,0.0,195.44598,0.1907,0.065,-0.018635774193,-0.0312236924
2022-05-13 07:30:00+02:00,172.90740740740742,313.96333333333337,0.0,0.0,141.05593,0.0,141.05593,0.1907,0.065,-0.0134496829255,-0.029936403833333337
2022-05-13 08:00:00+02:00,332.7,222.20854748603352,0.0,0.0,0.0,-110.49145,-110.49145,0.1907,0.065,0.003590972125,-0.021187585002793295
2022-05-13 08:30:00+02:00,683.8724832214765,226.4698888888889,0.0,0.0,0.0,-457.40259,-457.40259,0.1907,0.065,0.014865584175,-0.021593903905555555
2022-05-13 09:00:00+02:00,1191.9503105590063,255.0243888888889,0.0,0.0,0.0,-936.92592,-936.92592,0.1907,0.065,0.030450092400000003,-0.024316575480555557
2022-05-13 09:30:00+02:00,1729.2911392405063,220.59216666666669,0.0,0.0,0.0,-1508.699,-1508.699,0.1907,0.065,0.0490327175,-0.02103346309166667
2022-05-13 10:00:00+02:00,2215.93125,258.428156424581,0.0,0.0,0.0,-1957.5031,-1957.5031,0.1907,0.065,0.06361885075,-0.024641124715083798
2022-05-13 10:30:00+02:00,2631.1040462427745,293.9896111111111,0.0,0.0,0.0,-2337.1144,-2337.1144,0.1907,0.065,0.075956218,-0.028031909419444445
2022-05-13 11:00:00+02:00,2967.6145251396647,252.22844444444445,0.0,0.0,0.0,-2715.3861,-2715.3861,0.1907,0.065,0.08825004825,-0.02404998217777778
2022-05-13 11:30:00+02:00,2919.2457142857143,210.4382222222222,0.0,0.0,0.0,-2708.8075,-2708.8075,0.1907,0.065,0.08803624374999999,-0.020065284488888887
2022-05-13 12:00:00+02:00,2521.5057471264367,264.04821229050276,0.0,0.0,0.0,-2257.4575,-2257.4575,0.1907,0.065,0.07336736875,-0.02517699704189944
2022-05-13 12:30:00+02:00,2958.6988636363635,317.1202777777778,0.0,0.0,0.0,-2641.5786,-2641.5786,0.1907,0.065,0.0858513045,-0.03023741848611111
2022-05-13 13:00:00+02:00,2745.4802259887006,232.79861111111111,0.0,0.0,0.0,-2512.6816,-2512.6816,0.1907,0.065,0.081662152,-0.022197347569444446
2022-05-13 13:30:00+02:00,2697.4942528735633,254.41223463687152,0.0,0.0,0.0,-2443.082,-2443.082,0.1907,0.065,0.07940016500000001,-0.024258206572625698
2022-05-13 14:00:00+02:00,3469.59217877095,276.7158888888889,0.0,0.0,0.0,-3192.8763,-3192.8763,0.1907,0.065,0.10376847975,-0.02638486000555556
2022-05-13 14:30:00+02:00,3642.516853932584,211.99569832402236,0.0,0.0,0.0,-3430.5212,-3430.5212,0.1907,0.065,0.111491939,-0.02021378983519553
2022-05-13 15:00:00+02:00,3677.6348314606744,316.1797222222222,0.0,0.0,0.0,-3361.4551,-3361.4551,0.1907,0.065,0.10924729075,-0.030147736513888888
2022-05-13 15:30:00+02:00,3826.7041420118344,970.142131147541,0.0,750.0,0.0,-2106.562,-2106.562,0.1419,0.065,0.068463265,-0.12204408420491804
2022-05-13 16:00:00+02:00,3188.141242937853,531.5761666666667,0.0,750.0,0.0,-1906.5651,-1906.5651,0.1419,0.065,0.061963365750000006,-0.090927829025
2022-05-13 16:30:00+02:00,2658.9608938547485,232.57344444444445,0.0,750.0,0.0,-1676.3874,-1676.3874,0.1419,0.065,0.05448259050000001,-0.06971358588333335
2022-05-13 17:00:00+02:00,1872.723163841808,351.0901098901099,0.0,750.0,0.0,-771.63305,-771.63305,0.1419,0.065,0.025078074125000002,-0.0781223432967033
2022-05-13 17:30:00+02:00,2377.6555555555556,270.4386740331492,0.0,0.0,0.0,-2107.2169,-2107.2169,0.1907,0.065,0.06848454925,-0.025786327569060775
2022-05-13 18:00:00+02:00,1590.247191011236,268.44599999999997,0.0,0.0,0.0,-1321.8012,-1321.8012,0.1907,0.065,0.042958539000000004,-0.025596326099999997
2022-05-13 18:30:00+02:00,1387.9887640449438,634.7973888888889,0.0,0.0,0.0,-753.19138,-753.19138,0.1907,0.065,0.02447871985,-0.06052793103055556
2022-05-13 19:00:00+02:00,1022.7005649717514,1053.2845,0.0,0.0,30.583935,0.0,30.583935,0.1907,0.065,-0.0029161782022500003,-0.100430677075
2022-05-13 19:30:00+02:00,425.14814814814815,407.07177777777775,0.0,0.0,0.0,-18.07637,-18.07637,0.1907,0.065,0.0005874820250000001,-0.03881429401111111
2022-05-13 20:00:00+02:00,137.64077669902912,495.52258426966296,0.0,0.0,357.88181,0.0,357.88181,0.1907,0.065,-0.034124030583500005,-0.04724807841011236
2022-05-13 20:30:00+02:00,66.68831168831169,1301.3537430167598,3000.0,750.0,4984.6654,0.0,4984.6654,0.1419,0.065,-0.35366201013,-0.3583935480670391
2022-05-13 21:00:00+02:00,0.0,1138.8167039106145,3000.0,750.0,4888.8167,0.0,4888.8167,0.1419,0.065,-0.34686154486500004,-0.34686154514245815
2022-05-13 21:30:00+02:00,0.0,495.99692737430166,3000.0,750.0,4245.9969,0.0,4245.9969,0.1419,0.065,-0.301253480055,-0.30125348199720675
2022-05-13 22:00:00+02:00,0.0,345.66195530726253,3000.0,750.0,4095.662,0.0,4095.662,0.1419,0.065,-0.2905872189,-0.2905872157290503
2022-05-13 22:30:00+02:00,0.0,367.68733333333336,3000.0,750.0,4117.6873,0.0,4117.6873,0.1419,0.065,-0.292149913935,-0.29214991630000003
2022-05-13 23:00:00+02:00,0.0,467.8663535911602,3000.0,750.0,4217.8664,0.0,4217.8664,0.1419,0.065,-0.29925762108,-0.2992576177872928
2022-05-13 23:30:00+02:00,0.0,418.96583333333336,3000.0,750.0,4168.9658,0.0,4168.9658,0.1419,0.065,-0.29578812351,-0.29578812587500003
2022-05-14 00:00:00+02:00,0.0,376.6755,0.0,750.0,1126.6755,0.0,1126.6755,0.1419,0.065,-0.079937626725,-0.079937626725
2022-05-14 00:30:00+02:00,0.0,410.92766666666665,0.0,750.0,1160.9277,0.0,1160.9277,0.1419,0.065,-0.082367820315,-0.08236781795
2022-05-14 01:00:00+02:00,0.0,775.3057923497267,0.0,750.0,1525.3058,0.0,1525.3058,0.1419,0.065,-0.10822044651,-0.10822044596721311
2022-05-14 01:30:00+02:00,0.0,1524.3554444444444,0.0,750.0,2274.3554,0.0,2274.3554,0.1419,0.065,-0.16136551563,-0.16136551878333333
2022-05-14 02:00:00+02:00,0.0,1079.0884444444446,3000.0,750.0,4829.0884,0.0,4829.0884,0.1419,0.065,-0.34262382197999997,-0.34262382513333334
2022-05-14 02:30:00+02:00,0.0,672.4957142857143,0.0,750.0,1422.4957,0.0,1422.4957,0.1419,0.065,-0.100926069915,-0.10092607092857143
2022-05-14 03:00:00+02:00,0.0,238.94138121546962,0.0,0.0,238.94138,0.0,238.94138,0.1907,0.065,-0.022783060583,-0.02278306069889503
2022-05-14 03:30:00+02:00,0.0,294.4145555555556,0.0,0.0,294.41456,0.0,294.41456,0.1907,0.065,-0.028072428296000002,-0.028072427872222225
2022-05-14 04:00:00+02:00,0.0,325.36738888888885,0.0,0.0,325.36739,0.0,325.36739,0.1907,0.065,-0.0310237806365,-0.03102378053055555
2022-05-14 04:30:00+02:00,0.0,331.9845555555556,0.0,0.0,331.98456,0.0,331.98456,0.1907,0.065,-0.031654727796,-0.031654727372222226
2022-05-14 05:00:00+02:00,0.0,316.49427777777777,0.0,0.0,316.49428,0.0,316.49428,0.1907,0.065,-0.030177729598000004,-0.03017772938611111
2022-05-14 05:30:00+02:00,0.0,269.60016666666667,0.0,0.0,269.60017,0.0,269.60017,0.1907,0.065,-0.0257063762095,-0.025706375891666668
2022-05-14 06:00:00+02:00,0.0,314.53655555555554,0.0,0.0,314.53656,0.0,314.53656,0.1907,0.065,-0.029991060996,-0.02999106057222222
2022-05-14 06:30:00+02:00,69.38235294117646,365.9696648044693,0.0,0.0,296.58731,0.0,296.58731,0.1907,0.065,-0.0282796000085,-0.034895207539106146
2022-05-14 07:00:00+02:00,130.49,320.0207222222222,0.0,0.0,189.53072,0.0,189.53072,0.1907,0.065,-0.018071754152000002,-0.03051397586388889
2022-05-14 07:30:00+02:00,177.72043010752688,312.4362222222222,0.0,0.0,134.71579,0.0,134.71579,0.1907,0.065,-0.0128451505765,-0.02979079378888889
2022-05-14 08:00:00+02:00,327.3134328358209,525.1992777777778,0.0,0.0,197.88584,0.0,197.88584,0.1907,0.065,-0.018868414844000002,-0.05007775113611111
2022-05-14 08:30:00+02:00,681.3653846153846,454.94700000000006,0.0,0.0,0.0,-226.41838,-226.41838,0.1907,0.065,0.007358597350000001,-0.043379196450000004
2022-05-14 09:00:00+02:00,1191.624203821656,1301.6222222222223,0.0,0.0,109.99802,0.0,109.99802,0.1907,0.065,-0.010488311207,-0.1241096788888889
2022-05-14 09:30:00+02:00,1547.129411764706,461.5071111111111,0.0,0.0,0.0,-1085.6223,-1085.6223,0.1907,0.065,0.03528272475,-0.04400470304444444
2022-05-14 10:00:00+02:00,939.8922155688623,385.8833333333333,0.0,0.0,0.0,-554.00888,-554.00888,0.1907,0.065,0.0180052886,-0.03679397583333333
2022-05-14 10:30:00+02:00,1988.242774566474,1466.0588268156423,0.0,0.0,0.0,-522.18395,-522.18395,0.1907,0.065,0.016970978375,-0.1397887091368715
2022-05-14 11:00:00+02:00,2507.2816091954023,322.2681111111111,0.0,0.0,0.0,-2185.0135,-2185.0135,0.1907,0.065,0.07101293875,-0.030728264394444448
2022-05-14 11:30:00+02:00,2943.822857142857,335.99272222222226,0.0,0.0,0.0,-2607.8301,-2607.8301,0.1907,0.065,0.08475447825,-0.03203690606388889
2022-05-14 12:00:00+02:00,3327.1638418079096,326.5693333333333,0.0,0.0,0.0,-3000.5945,-3000.5945,0.1907,0.065,0.09751932125000001,-0.031138385933333332
2022-05-14 12:30:00+02:00,3474.4772727272725,303.8173888888889,0.0,0.0,0.0,-3170.6599,-3170.6599,0.1907,0.065,0.10304644675,-0.028968988030555556
2022-05-14 13:00:00+02:00,3868.04,326.05833333333334,0.0,0.0,0.0,-3541.9817,-3541.9817,0.1907,0.065,0.11511440525000001,-0.031089662083333334
2022-05-14 13:30:00+02:00,3927.5470588235294,335.9525698324022,0.0,0.0,0.0,-3591.5945,-3591.5945,0.1907,0.065,0.11672682125000002,-0.032033077533519555
2022-05-14 14:00:00+02:00,3940.211764705882,372.9472222222222,0.0,0.0,0.0,-3567.2645,-3567.2645,0.1907,0.065,0.11593609625000001,-0.035560517638888886
2022-05-14 14:30:00+02:00,3973.3546511627906,325.58061452513965,0.0,0.0,0.0,-3647.774,-3647.774,0.1907,0.065,0.118552655,-0.031044111594972067
2022-05-14 15:00:00+02:00,3832.8735632183907,301.4701111111111,0.0,0.0,0.0,-3531.4035,-3531.4035,0.1907,0.065,0.11477061375,-0.028745175094444447
2022-05-14 15:30:00+02:00,3658.7687861271675,850.4773770491803,3000.0,750.0,941.70859,0.0,941.70859,0.1419,0.065,-0.0668142244605,-0.32640386990163933
2022-05-14 16:00:00+02:00,3403.7932960893854,685.9966111111111,3000.0,0.0,282.20332,0.0,282.20332,0.1419,0.065,-0.020022325554000003,-0.26152145955833334
2022-05-14 16:30:00+02:00,2778.050561797753,524.1296216216216,0.0,750.0,0.0,-1503.9209,-1503.9209,0.1419,0.065,0.04887742925000001,-0.09039949665405404
2022-05-14 17:00:00+02:00,2468.551724137931,365.930773480663,0.0,750.0,0.0,-1352.621,-1352.621,0.1419,0.065,0.0439601825,-0.07917528837845304
2022-05-14 17:30:00+02:00,2125.2921348314608,470.12744444444445,0.0,0.0,0.0,-1655.1647,-1655.1647,0.1907,0.065,0.05379285275,-0.04482665182777778
2022-05-14 18:00:00+02:00,2334.5955056179773,390.9588333333333,0.0,0.0,0.0,-1943.6367,-1943.6367,0.1907,0.065,0.06316819275,-0.03727792475833333
2022-05-14 18:30:00+02:00,940.4942528735633,347.4145555555556,0.0,0.0,0.0,-593.0797,-593.0797,0.1907,0.065,0.01927509025,-0.033125977872222226
2022-05-14 19:00:00+02:00,804.3333333333334,1478.9653333333333,0.0,0.0,674.632,0.0,674.632,0.1907,0.065,-0.06432616120000001,-0.14101934453333334
2022-05-14 19:30:00+02:00,391.03246753246754,2201.400055555556,0.0,0.0,1810.3676,0.0,1810.3676,0.1907,0.065,-0.17261855066,-0.20990349529722224
2022-05-14 20:00:00+02:00,156.09722222222223,573.333,0.0,0.0,417.23578,0.0,417.23578,0.1907,0.065,-0.039783431623,-0.05466730155
2022-05-14 20:30:00+02:00,59.57971014492754,473.0486111111111,3000.0,750.0,4163.4689,0.0,4163.4689,0.1419,0.065,-0.29539811845499997,-0.29962529895833334
2022-05-14 21:00:00+02:00,0.0,542.4185474860335,3000.0,750.0,4292.4185,0.0,4292.4185,0.1419,0.065,-0.30454709257499996,-0.3045470959441341
2022-05-14 21:30:00+02:00,0.0,506.48616666666663,3000.0,750.0,4256.4862,0.0,4256.4862,0.1419,0.065,-0.30199769589,-0.301997693525
2022-05-14 22:00:00+02:00,0.0,451.69394444444447,3000.0,750.0,4201.6939,0.0,4201.6939,0.1419,0.065,-0.298110182205,-0.29811018535833333
2022-05-14 22:30:00+02:00,0.0,361.11804469273744,3000.0,750.0,4111.118,0.0,4111.118,0.1419,0.065,-0.29168382210000005,-0.2916838252709497
2022-05-14 23:00:00+02:00,0.0,304.1632402234637,0.0,750.0,1054.1632,0.0,1054.1632,0.1419,0.065,-0.07479287904000001,-0.07479288189385475
2022-05-14 23:30:00+02:00,0.0,347.5956111111111,0.0,0.0,347.59561,0.0,347.59561,0.1419,0.065,-0.0246619085295,-0.024661908608333335
2022-05-15 00:00:00+02:00,0.0,417.74838888888894,3000.0,750.0,4167.7484,0.0,4167.7484,0.1419,0.065,-0.29570174898000007,-0.2957017481916667
2022-05-15 00:30:00+02:00,0.0,324.68305555555554,0.0,750.0,1074.6831,0.0,1074.6831,0.1419,0.065,-0.076248765945,-0.07624876279166666
2022-05-15 01:00:00+02:00,0.0,699.3281215469614,3000.0,750.0,4449.3281,0.0,4449.3281,0.1419,0.065,-0.315679828695,-0.31567983022375695
2022-05-15 01:30:00+02:00,0.0,853.0796648044693,3000.0,750.0,4603.0797,0.0,4603.0797,0.1419,0.065,-0.326588504715,-0.3265885022178771
2022-05-15 02:00:00+02:00,0.0,805.8658888888888,3000.0,750.0,4555.8659,0.0,4555.8659,0.1419,0.065,-0.323238685605,-0.3232386848166667
2022-05-15 02:30:00+02:00,0.0,864.1018333333333,3000.0,750.0,4614.1018,0.0,4614.1018,0.1419,0.065,-0.32737052271000006,-0.32737052507500003
2022-05-15 03:00:00+02:00,0.0,304.29555555555555,0.0,0.0,304.29556,0.0,304.29556,0.1907,0.065,-0.029014581646000005,-0.02901458122222222
2022-05-15 03:30:00+02:00,0.0,259.76088397790056,0.0,0.0,259.76088,0.0,259.76088,0.1907,0.065,-0.024768199908,-0.02476820028729282
2022-05-15 04:00:00+02:00,0.0,324.7109497206704,0.0,0.0,324.71095,0.0,324.71095,0.1907,0.065,-0.030961189082500003,-0.03096118905586592
2022-05-15 04:30:00+02:00,0.0,337.99444444444447,0.0,0.0,337.99444,0.0,337.99444,0.1907,0.065,-0.032227769854,-0.03222777027777778
2022-05-15 05:00:00+02:00,0.0,338.77681564245813,0.0,0.0,338.77682,0.0,338.77682,0.1907,0.065,-0.032302369787000004,-0.032302369371508384
2022-05-15 05:30:00+02:00,0.0,292.76826815642454,0.0,0.0,292.76827,0.0,292.76827,0.1907,0.065,-0.027915454544499996,-0.02791545436871508
2022-05-15 06:00:00+02:00,0.0,317.1541340782123,0.0,0.0,317.15413,0.0,317.15413,0.1907,0.065,-0.030240646295500002,-0.030240646684357542
2022-05-15 06:30:00+02:00,101.1685393258427,336.11404494382026,0.0,0.0,234.94551,0.0,234.94551,0.1907,0.065,-0.0224020543785,-0.032048474185393264
2022-05-15 07:00:00+02:00,180.45689655172413,372.2441666666667,0.0,0.0,191.78727,0.0,191.78727,0.1907,0.065,-0.018286916194500003,-0.03549348129166667
2022-05-15 07:30:00+02:00,237.43243243243242,885.9073333333333,0.0,0.0,648.4749,0.0,648.4749,0.1907,0.065,-0.06183208171500001,-0.08447126423333333
2022-05-15 08:00:00+02:00,442.03472222222223,506.4948888888889,0.0,0.0,64.460167,0.0,64.460167,0.1907,0.065,-0.0061462769234500005,-0.04829428765555556
2022-05-15 08:30:00+02:00,823.7682119205298,397.61494444444446,0.0,0.0,0.0,-426.15327,-426.15327,0.1907,0.065,0.013849981275000001,-0.03791258495277778
2022-05-15 09:00:00+02:00,1230.5389610389611,1284.7274444444445,0.0,0.0,54.188483,0.0,54.188483,0.1907,0.065,-0.00516687185405,-0.12249876182777777
2022-05-15 09:30:00+02:00,1560.2469135802469,515.6519444444444,0.0,0.0,0.0,-1044.595,-1044.595,0.1907,0.065,0.0339493375,-0.04916741290277778
2022-05-15 10:00:00+02:00,2125.3699421965316,970.3354444444444,0.0,0.0,0.0,-1155.0345,-1155.0345,0.1907,0.065,0.03753862125,-0.09252148462777778
2022-05-15 10:30:00+02:00,2620.925287356322,968.3763888888889,0.0,0.0,0.0,-1652.5489,-1652.5489,0.1907,0.065,0.05370783925,-0.09233468868055555
2022-05-15 11:00:00+02:00,2982.29696969697,380.4638888888889,0.0,0.0,0.0,-2601.8331,-2601.8331,0.1907,0.065,0.08455957574999999,-0.03627723180555556
2022-05-15 11:30:00+02:00,3279.644970414201,425.06716666666665,0.0,0.0,0.0,-2854.5778,-2854.5778,0.1907,0.065,0.0927737785,-0.040530154341666666
2022-05-15 12:00:00+02:00,3437.5755813953488,948.6709444444443,0.0,0.0,0.0,-2488.9046,-2488.9046,0.1907,0.065,0.0808893995,-0.09045577455277777
2022-05-15 12:30:00+02:00,3765.107344632768,1786.0059444444446,0.0,0.0,0.0,-1979.1014,-1979.1014,0.1907,0.065,0.0643207955,-0.1702956668027778
2022-05-15 13:00:00+02:00,3497.921348314607,867.5581666666667,0.0,0.0,0.0,-2630.3632,-2630.3632,0.1907,0.065,0.085486804,-0.08272167119166667
2022-05-15 13:30:00+02:00,3605.338888888889,617.7083888888889,0.0,0.0,0.0,-2987.6305,-2987.6305,0.1907,0.065,0.09709799125000002,-0.058898494880555555
2022-05-15 14:00:00+02:00,3911.6514285714284,433.7847777777778,0.0,0.0,0.0,-3477.8667,-3477.8667,0.1907,0.065,0.11303066775000001,-0.04136137856111111
2022-05-15 14:30:00+02:00,3857.0462427745665,333.9595,0.0,0.0,0.0,-3523.0867,-3523.0867,0.1907,0.065,0.11450031775,-0.031843038324999996
2022-05-15 15:00:00+02:00,3699.05325443787,414.9254748603352,0.0,0.0,0.0,-3284.1278,-3284.1278,0.1907,0.065,0.10673415350000001,-0.03956314402793296
2022-05-15 15:30:00+02:00,3803.0833333333335,1079.5692972972972,0.0,750.0,0.0,-1973.514,-1973.514,0.1419,0.065,0.064139205,-0.12980794164324325
2022-05-15 16:00:00+02:00,3670.4795321637425,1022.2562222222222,0.0,750.0,0.0,-1898.2233,-1898.2233,0.1419,0.065,0.06169225725000001,-0.12574157896666668
2022-05-15 16:30:00+02:00,3453.277108433735,1124.0037777777777,0.0,750.0,0.0,-1579.2733,-1579.2733,0.1419,0.065,0.051326382250000004,-0.13296056803333334
2022-05-15 17:00:00+02:00,3059.824858757062,650.7963535911603,0.0,750.0,0.0,-1659.0285,-1659.0285,0.1419,0.065,0.05391842625,-0.09938650128729283
2022-05-15 17:30:00+02:00,2682.1754385964914,288.8937222222222,0.0,0.0,0.0,-2393.2817,-2393.2817,0.1907,0.065,0.07778165525,-0.027546016413888888
2022-05-15 18:00:00+02:00,2000.7076023391812,454.69522222222224,0.0,0.0,0.0,-1546.0124,-1546.0124,0.1907,0.065,0.050245403,-0.04335518943888889
2022-05-15 18:30:00+02:00,1761.9818181818182,533.8790555555555,0.0,0.0,0.0,-1228.1028,-1228.1028,0.1907,0.065,0.039913341,-0.05090536794722222
2022-05-15 19:00:00+02:00,1367.3696969696969,1309.8903888888888,0.0,0.0,0.0,-57.479308,-57.479308,0.1907,0.065,0.0018680775100000002,-0.12489804858055555
2022-05-15 19:30:00+02:00,489.1019108280255,718.2635195530726,0.0,0.0,229.16161,0.0,229.16161,0.1907,0.065,-0.0218505595135,-0.06848642658938547
2022-05-15 20:00:00+02:00,266.6896551724138,1371.273407821229,0.0,0.0,1104.5838,0.0,1104.5838,0.1907,0.065,-0.10532206533000002,-0.1307509194357542
2022-05-15 20:30:00+02:00,115.15384615384616,528.6706111111112,3000.0,750.0,4163.5168,0.0,4163.5168,0.1419,0.065,-0.29540151696000005,-0.30357167985833333
2022-05-15 21:00:00+02:00,0.0,327.12316666666663,3000.0,750.0,4077.1232,0.0,4077.1232,0.1419,0.065,-0.28927189104,-0.28927188867500003
2022-05-15 21:30:00+02:00,0.0,305.61385474860333,3000.0,750.0,4055.6139,0.0,4055.6139,0.1419,0.065,-0.287745806205,-0.28774580299441344
2022-05-15 22:00:00+02:00,0.0,375.1760555555556,3000.0,750.0,4125.1761,0.0,4125.1761,0.1419,0.065,-0.29268124429500003,-0.2926812411416667
2022-05-15 22:30:00+02:00,0.0,363.3608333333333,3000.0,750.0,4113.3608,0.0,4113.3608,0.1419,0.065,-0.29184294876,-0.291842951125
